Serie,Nummer,Diashow
c1 73,5055,Chronologie
c2 74,558,Chronologie
c3 75,570,Chronologie
c4,4576,Chronologie
c5 76,4913,Chronologie
c6,5217,Chronologie
c7,956,Chronologie
c8,4491,Chronologie
c9,5226,Chronologie
c10,4486,Chronologie
c11,4567,Chronologie
c12,3605,Chronologie
c13,1969,Chronologie
c14,4495,Chronologie
c15,6020,Chronologie
c16,3773,Chronologie
c17,1504,Chronologie
c18,4509,Chronologie
c19,4503,Chronologie
c20,3616,Chronologie
c21,2501,Chronologie
c22,5791,Chronologie
c23,1657,Chronologie
c24,4075,Chronologie
c25,5561,Chronologie
c26,4057,Chronologie
c27,5493,Chronologie
c28,5740,Chronologie
c29,659,Chronologie
c30,228,Chronologie
c31,1582,Chronologie
c32,5009,Chronologie
c33,5597,Chronologie
c34,841,Chronologie
c35,810,Chronologie
c36,461,Chronologie
c37,1935,Chronologie
c38,1330,Chronologie
c39,399,Chronologie
c40 ,429,Chronologie
c41,4977,Chronologie
E1,1465,Emotionen
E2,1672,Emotionen
E3,898,Emotionen
E4,953,Emotionen
E5,1041,Emotionen
E6,844,Emotionen
E7,1887,Emotionen
E8,2015,Emotionen
E9,1942,Emotionen
E10,2318,Emotionen
E11,1633,Emotionen
E12,5720,Emotionen
E13,1058,Emotionen
E14,1019,Emotionen
E15,5738,Emotionen
E16,1094,Emotionen
E17,991,Emotionen
E18,2348,Emotionen
E22,900,Emotionen
E23,5951,Emotionen
E24,712,Emotionen
E25,1279,Emotionen
E26,1821,Emotionen
E27,1897,Emotionen
E28,1222,Emotionen
E29,1219,Emotionen
E30,1250,Emotionen
E31,3090,Emotionen
E32,2579,Emotionen
E33,2114,Emotionen
E34,2269,Emotionen
E35,1560,Emotionen
E36,2197,Emotionen
E37,1244,Emotionen
E38,1278,Emotionen
E39,1074,Emotionen
k1,4313,Kopflastiges
k2,4666,Kopflastiges
k3,3948,Kopflastiges
k4,2690,Kopflastiges
k5,4369,Kopflastiges
k6,4173,Kopflastiges
k7,17,Kopflastiges
k8,52,Kopflastiges
k9,38,Kopflastiges
k10,20,Kopflastiges
k11,4377,Kopflastiges
k12,4206,Kopflastiges
k13,3678,Kopflastiges
k14,3435,Kopflastiges
k15,5167,Kopflastiges
k16,576,Kopflastiges
k17,3823,Kopflastiges
k18,3939,Kopflastiges
k19,668,Kopflastiges
k20,5130,Kopflastiges
k21,5148,Kopflastiges
k22,5924,Kopflastiges
k23,3328,Kopflastiges
k24,5325,Kopflastiges
k25,2786,Kopflastiges
k26,4589,Kopflastiges
k27,5732,Kopflastiges
k28,879,Kopflastiges
k29,3306,Kopflastiges
k30,829,Kopflastiges
k31,5617,Kopflastiges
k32,4180,Kopflastiges
k33,2695,Kopflastiges
k34,2692,Kopflastiges
k35,2756,Kopflastiges
k36,5652,Kopflastiges
k37,5659,Kopflastiges
k38,2709,Kopflastiges
k39,4738,Kopflastiges
LS1,5233,Licht und Schatten
LS2,388,Licht und Schatten
LS3,5259,Licht und Schatten
LS4,4977,Licht und Schatten
LS5,921,Licht und Schatten
LS6,395,Licht und Schatten
LS7,5767,Licht und Schatten
LS8,424,Licht und Schatten
LS9,4865,Licht und Schatten
LS10,4532,Licht und Schatten
LS11,1063,Licht und Schatten
LS12,1315,Licht und Schatten
LS13,1031,Licht und Schatten
LS14,4788,Licht und Schatten
LS15,1619,Licht und Schatten
LS16,3727,Licht und Schatten
LS17,5212,Licht und Schatten
LS18,799,Licht und Schatten
LS19,819,Licht und Schatten
LS20,5613,Licht und Schatten
LS21,4971,Licht und Schatten
LS22,1026,Licht und Schatten
LS23,2036,Licht und Schatten
LS24,5314,Licht und Schatten
LS25,6007,Licht und Schatten
LS26,5762,Licht und Schatten
LS27,5755,Licht und Schatten
aL1,1190,Menschen
aL2,1781,Menschen
aL3,2109,Menschen
aL4,2982,Menschen
aL5,3299,Menschen
aL6,3023,Menschen
aL7,5736,Menschen
aL8,1032,Menschen
aL9,5149,Menschen
aL10,5906,Menschen
aL11,1554,Menschen
aL12,916,Menschen
aL13,4918,Menschen
aL14,779,Menschen
aL15,932,Menschen
aL16,4904,Menschen
aL17,949,Menschen
aL18,4972,Menschen
aL19,5620,Menschen
aL20,4179,Menschen
aL21,4893,Menschen
aL22,4973,Menschen
aL23,5036,Menschen
aL24,990,Menschen
aL25,705,Menschen
aL26,1092,Menschen
aL27,4177,Menschen
aL28,828,Menschen
aL29,5641,Menschen
aL30,1587,Menschen
aL31,2373,Menschen
aL32,3094,Menschen
aL33,2989,Menschen
aL34,5124,Menschen
aL35,5257,Menschen
p1,78,Polyphones
p2,113,Polyphones
p3,2381,Polyphones
p4,3043,Polyphones
p5,2581,Polyphones
p6,2040,Polyphones
p7,2115,Polyphones
p8,3240,Polyphones
p9,1208,Polyphones
p10,5744,Polyphones
p11,1057,Polyphones
p12,5840,Polyphones
p13,2533,Polyphones
p14,3282,Polyphones
p15,5778,Polyphones
p16,4983,Polyphones
p17,1076,Polyphones
p18,4590,Polyphones
p19,3050,Polyphones
p20,2311,Polyphones
R1,5964,Räume
R2,1726,Räume
R3,5107,Räume
R4,5476,Räume
R5,5835,Räume
R6,386,Räume
R7,396,Räume
R8,6002,Räume
R9,429,Räume
R10,636,Räume
R11,901,Räume
R12,915,Räume
R13,3388,Räume
R14,800,Räume
R15,5764,Räume
R16,821,Räume
R17,5799,Räume
R18,6005,Räume
R19,6050,Räume
R20,5815,Räume
R21,5937,Räume
R22,1034,Räume
R23,5875,Räume
R24,1981,Räume
R25,5763,Räume
R26,2065,Räume
R27,683,Räume
R28,5773,Räume
R29,1114,Räume
R30,5923,Räume
R31,2377,Räume
R32,2374,Räume
R33,5810,Räume
R34,6031,Räume
R35,1529,Räume
R36,6004,Räume
R37,1020,Räume
